{
  "version": 1,
  "author": "Anonymous maker",
  "editor": "wokwi",
  "parts": [
    { "type": "wokwi-arduino-uno", "id": "uno", "top": 0, "left": 0, "attrs": {} },
    { "type": "wokwi-led", "id": "led1", "top": -128.4, "left": 23, "attrs": { "color": "red" } },
    {
      "type": "wokwi-ntc-temperature-sensor",
      "id": "ntc1",
      "top": -160.6,
      "left": 249,
      "attrs": {}
    },
    { "type": "wokwi-led", "id": "led2", "top": -138, "left": -25, "attrs": { "color": "green" } },
    {
      "type": "wokwi-dht22",
      "id": "dht1",
      "top": -172.5,
      "left": 436.2,
      "attrs": { "humidity": "60" }
    },
    { "type": "wokwi-led", "id": "led3", "top": -138, "left": -73, "attrs": { "color": "blue" } },
    { "type": "wokwi-slide-switch", "id": "sw1", "top": -178, "left": 127.9, "attrs": {} }
  ],
  "connections": [
    [ "ntc1:GND", "uno:GND.1", "black", [ "h0", "v115.2", "h-268.8" ] ],
    [ "ntc1:VCC", "uno:VIN", "red", [ "h9.6", "v393.6", "h-201.6" ] ],
    [ "ntc1:OUT", "uno:A0", "green", [ "h19.2", "v364.7", "h-192" ] ],
    [ "led1:A", "uno:7", "green", [ "v0", "h134.4" ] ],
    [ "led1:C", "uno:GND.1", "black", [ "v19.2", "h77.5" ] ],
    [ "led2:C", "uno:GND.1", "black", [ "v19.2", "h125.2" ] ],
    [ "led2:A", "uno:4", "green", [ "v0", "h220.8" ] ],
    [ "dht1:GND", "uno:GND.1", "black", [ "v9.6", "h-364.8" ] ],
    [ "dht1:SDA", "uno:2", "green", [ "v48", "h-220.7" ] ],
    [ "dht1:VCC", "uno:5V", "red", [ "v288", "h-9.6" ] ],
    [ "led3:C", "uno:GND.1", "black", [ "v38.4", "h173.2" ] ],
    [ "led3:A", "uno:8", "green", [ "v19.2", "h220.8" ] ],
    [ "sw1:2", "uno:GND.1", "black", [ "v115.2", "h-28.7" ] ],
    [ "sw1:3", "uno:12", "green", [ "v134.4", "h-9.4" ] ]
  ],
  "dependencies": {}
}